quote,movie,type,year,question
"Do, or do not. There is no try.",Star Wars: Episode V - The Empire Strikes Back,movie,1890,What philosophical approach to action does Yoda advise?
Listen to them. Children of the night. What music they make.,Dracula,movie,1931,What does the character say to describe the allure of vampires in the movie?
It's alive! It's alive!,Frankenstein,movie,1931,What did Dr. Frankenstein exclaim when his creation began to show signs of life?
"Oh, no, it wasn't the airplanes. It was Beauty killed the Beast.",King Kong,movie,1933,What was the explanation given for the demise of King Kong?
"Magic Mirror on the wall, who is the fairest one of all?",Snow White and the Seven Dwarves,movie,1937,What does the Evil Queen say when asking the mirror about her beauty?
"Elementary, my dear Watson.",The Adventures of Sherlock Holmes,movie,1939,What is the iconic phrase often attributed to the character Sherlock Holmes?
"I'll get you, my pretty, and your little dog, too!",The Wizard of Oz,movie,1939,What did the Wicked Witch of the West say to Dorothy in the classic movie 'The Wizard of Oz'?
"After all, tomorrow is another day!",Gone With the Wind,movie,1939,What is the famous last line spoken by Scarlett O'Hara in the novel and film 'Gone with the Wind'?
"Frankly, my dear, I don't give a damn.",Gone with the Wind,movie,1939,What is Rhett Butler's famous last line to Scarlett O'Hara in the movie Gone with the Wind?
"Toto, I've got a feeling we're not in Kansas anymore.",The Wizard of Oz,movie,1939,What does Dorothy say to Toto after a tornado transports them to the Land of Oz?
There's no place like home.,The Wizard of Oz,movie,1939,What did Dorothy say when she clicked the heels of her magical silver shoes in the classic movie 'The Wizard of Oz'?
"As God is my witness, I'll never be hungry again.",Gone with the Wind,movie,1939,What is the iconic line spoken by Scarlett O'Hara in the movie Gone with the Wind?
"It's gone forever, that funny young, lost look I loved won't ever come back. I killed that when I told you about Rebecca. It's gone. In a few hours, you've grown so much older.",Rebecca,movie,1940,"What does the speaker regret saying to the person they love, and how does it affect the person's appearance?"
"Here's looking at you, kid.",Casablanca,movie,1942,What is the famous line spoken by Rick Blaine to Ilsa Lund in the movie Casablanca?
"Play it, Sam. Play 'As Time Goes By.",Casablanca,movie,1942,What is the famous line spoken by Ilsa Lund to Sam in the movie Casablanca?
We'll always have Paris.,Casablanca,movie,1942,What are the famous last words spoken by Rick Blaine to Ilsa Lund in the movie Casablanca?
Round up the usual suspects.,Casablanca,movie,1942,What is the famous line spoken by Captain Louis Renault in the movie Casablanca?
This is the beginning of a beautiful friendship.,Casablanca,movie,1942,What iconic line does Rick Blaine say to Captain Louis Renault at the end of the movie Casablanca?
"When it comes to women, you’re a true democrat.",Casablanca,movie,1942,What might someone say to imply that a man is equally interested in women of all backgrounds?
I am big! It's the pictures that got small.,Sunset Blvd.,movie,1950,What did Norma Desmond say about her career in the movie Sunset Boulevard?
Nobody ever lies about being lonely.,Here to Eternity,movie,1953,What is a statement that highlights the honesty people have when discussing their feelings of isolation?
"You don't understand! I coulda had class. I coulda been a contender. I could've been somebody, instead of a bum, which is what I am.",On The Waterfront,movie,1954,What is the famous lament spoken by Terry Malloy in the movie On the Waterfront?
"Where we're going, we don't need roads",Back to the future,movie,1958,What did Doc Brown say to Marty McFly about their time-traveling destination in the movie Back to the Future?
"Life is a banquet, and most poor suckers are starving to death!",Auntie Mame,movie,1958,What is the quote from the movie Mame that describes life as an abundant opportunity that many people fail to fully appreciate?
Well nobody is perfect,Some Like It Hot,movie,1959,What did Osgood Fielding III say to Daphne in the 1959 film 'Some Like It Hot' when she criticized him for being imperfect at the piano?
"My name is Bond, James Bond.",Dr. No,movie,1962,"What is the iconic introduction line often used by the character played by Sean Connery, Roger Moore, Daniel Craig, and others in various films?"
Bond. James Bond,Dr. No,movie,1962,What is the famous introduction line spoken by the character played by Sean Connery and others in the popular spy movie series?
I don't understand. He meets a girl that can give him a new life and he pushes her away? Because he doesn't know how to love.,8 1⁄2 ,movie,1963,What is a possible critique of a character's actions in a romantic relationship?
"You expect me to talk? No, Mr Bond, I expect you to die!",Goldfinger,movie,1964,What does Auric Goldfinger say to James Bond in the 1964 film Goldfinger?
"A martini. Shaken, not stirred.",Goldfinger ,movie,1964,How does James Bond like his martini?
"Gentlemen, you can't fight in here! This is the War Room!",Dr. Strangelove,movie,1964,What does President Merkin Muffley say to the fighting generals in the movie Dr. Strangelove?
What we've got here is a failure to communicate.,Cool Hand Luke,movie,1967,What is the famous line spoken by the Captain in the 1967 film Cool Hand Luke?
They call me Mister Tibbs!,In the Heat of the Night,movie,1967,What is the famous line spoken by the character Virgil Tibbs in the 1967 film In the Heat of the Night?
"Mrs. Robinson, you're trying to seduce me. Aren't you?",The Graduate,movie,1967,What does Ben say to Mrs. Robinson in the movie The Graduate?
You only live twice:Once when you are born And once when you look death in the face,You only live twice,movie,1967,"What are the two moments in life when one truly lives, according to a famous saying?"
We rob banks.,Bonnie and Clyde,movie,1967,What does Clyde Barrow say to explain his and Bonnie's activities?
"Take your stinking paws off me, you damned dirty ape!",Planet of the Apes,movie,1968,What is the famous line spoken by Taylor in the 1968 film Planet of the Apes?
"Hello, gorgeous.",Funny Girl,movie,1968,What is the famous line spoken by Barbra Streisand's character Fanny Brice in the movie Funny Girl?
Love means never having to say you're sorry,Love Story,movie,1970,What is a famous line from the movie Love Story?
Public opinion has a way of changing.,A Clockwork Orange,movie,1971,What is a notable aspect of public opinion?
"Drop the gun, take the cannoli.",The Godfather,movie,1972,What are the infamous instructions Lefty gives to Rocco in the movie?
A man who doesn't spend time with his family can never be a real man.,The Godfather,movie,1972,What does Don Vito Corleone say is a requirement for a man to be considered real?
I'm going to make him an offer he can't refuse.,The Godfather,movie,1972,What is the infamous line spoken by Don Vito Corleone in The Godfather?
"Great men are not born great, they grow great.",The Godfather,movie,1972,"What is a key characteristic of great men, according to the quote?"
I'm gonna make him an offer he can't refuse,The Godfather,movie,1972,What is the infamous line spoken by Don Vito Corleone in the movie The Godfather?
"Father Dyer: My idea of Heaven is a solid white nightclub with me as a headliner for all eternity, and they LOVE me!!",The Exorcist,movie,1973,What is Father Dyer's idea of Heaven?
"Men, you are about to embark on a great crusade to stamp out runaway decency in the west. Now you men will only be risking your lives, whilst I will be risking an almost certain Academy Award nomination for Best Supporting Actor.",Blazing Saddles,movie,1974,What did the character say to the men before they embarked on their great crusade?
"What did you expect? 'Welcome, sonny'? 'Make yourself at home'? 'Marry my daughter'? You've got to remember that these are just simple farmers. These are people of the land. The common clay of the new West. You know... morons.",Blazing Saddles,movie,1974,What might a character sarcastically say to someone who underestimated the intelligence of simple farmers in the new West?
"Wait Master, it might be dangerous... you go first.",Young Frankenstein,movie,1974,What does the cautious companion say to the master when faced with a potentially perilous situation?
What's a dazzling urbanite like you doing in a rustic setting like this?,Blazing Saddles,movie,1974,What might someone say to express surprise at encountering a sophisticated city person in a rural or natural setting?
"Please! Remain in your seats, I beg you! We are not children here, we are scientists! I assure you there is nothing to fear!",Young Frankenstein,movie,1974,What might a frantic scientist say to a group of panicking colleagues in a potentially hazardous situation?
"Keep your friends close, but your enemies closer.",The Godfather II,movie,1974,What is the advice given by Don Vito Corleone in The Godfather: Part II about dealing with friends and enemies?
"Now I don't have to tell you good folks what's been happening in our beloved little town. Sheriff murdered, crops burned, stores looted, people stampeded, and cattle raped. The time has come to act, and act fast. I'm leaving.",Blazing Saddles,movie,1974,What does the character say to the townspeople before leaving to address the crisis?
You're gonna need a bigger boat.,Jaws,movie,1975,What does Chief Brody say after getting a good look at the size of the shark in the movie Jaws?
We are the Knights who say... Ni!,Monty Python and the Holy Grail,movie,1975,What do the Knights repeatedly say in Monty Python and the Holy Grail?
It’s just a flesh wound.,Monty Python and the Holy Grail,movie,1975,What does the Black Knight say after losing his limbs in a duel in the movie Monty Python and the Holy Grail?
Run Away!,Monty Python and the Holy Grail,movie,1975,What is the phrase that someone might shout to encourage another person to quickly escape or flee from a situation?
"Yeah, to you, it's Thanksgiving; to me, it's Thursday.",Rocky,movie,1976,What might someone say if they do not celebrate Thanksgiving and view the holiday as just another day?
You talking to me?,Taxi Driver,movie,1976,What is the famous line spoken by Travis Bickle in the movie Taxi Driver?
"Yo, Adrian!!.",Rocky,movie,1976,What is the famous line spoken by Rocky Balboa in the movie Rocky?
Is it safe?,Marathon man,movie,1976,What is the famous one-word line spoken by the character in the movie Marathon Man?
"If you strike me down, I shall become more powerful than you could possibly imagine.",Star Wars,movie,1977,What does Obi-Wan Kenobi say to Darth Vader during their confrontation on the Death Star?
"It'll be just like Beggar's Canyon, back home",Star Wars,movie,1977,What does Luke Skywalker say to reassure himself before navigating an asteroid field in the movie Star Wars?
May the Force be with you.,Star Wars,movie,1977,What is the iconic phrase used by Jedi to wish someone good luck and guidance in the Star Wars franchise?
May the force be with you,Star Wars,movie,1977,What is the famous phrase used to wish good luck by Obi-Wan Kenobi in the Star Wars franchise?
When I left you I was but the learner. Now I am the master.,Star Wars Episode IV - A New Hope,movie,1977,What does Darth Vader say to Obi-Wan Kenobi when they meet again in 'The Empire Strikes Back'?
That’s no moon…it’s a space station,Star Wars Episode IV - A New Hope,movie,1977,What does Obi-Wan Kenobi say when he first sees the Death Star in Star Wars?
"All right, but apart from the sanitation, medicine, education, wine, public order, irrigation, roads, the fresh water system and public health, what have the Romans ever done for us?",Monty Python's Life of Brian,movie,1979,"What sarcastic remark would a character make when asked about the benefits of Roman rule, in the context of the movie Monty Python's Life of Brian?"
"Oh! It's blessed are the meek! I'm glad they're getting something, they had a hell of a time...",Monty Python's Life of Brian,movie,1979,What is someone saying when they comment on the meek getting something after having a tough time?
Always look on the Bright Side of Life ... Always look on the Light Side of Life.,Monty Python's Life of Brian,movie,1979,What is the optimistic mantra repeated in the movie Monty Python's Life of Brian?
I love the smell of napalm in the morning,Apocalypse Now,movie,1979,What is the iconic line spoken by Lieutenant Colonel Bill Kilgore in the movie Apocalypse Now?
"Choose the sword, and you will join me. Choose the ball and you join your mother, in death. You don’t understand my words, but you must choose. So… come boy, choose life or death.",Shogun Assassin,movie,1980,What is the ultimatum given to the boy to choose between life and death?
"Joey, have you ever been in a turkish prison?",Airplane,movie,1980,What does the character ask Joey in the movie?
Looks like I picked the wrong week to quit sniffing glue.,Airplane,movie,1980,"What humorous line, referencing a week of poor decisions, is famously spoken by a character in the movie Airplane?"
You must unlearn what you have learned.,Star Wars: Episode V - The Empire Strikes Back,movie,1980,What does Yoda advise a Jedi to do when relearning the ways of the Force?
"Little pigs, little pigs, let me come in! Not by the hair on your chinny chin chin? Then I'll huff... And I'll puff... And I'll blow your house in!",The Shining,movie,1980,What are the words the big bad wolf says when trying to get into the three little pigs' houses?
"Do, or do not. There is no 'try'.",Star Wars: Episode V - The Empire Strikes Back,movie,1980,What advice does Yoda give to Luke Skywalker about commitment to a task?
"Luke, I am your father.","Star Wars, Empire Strikes Back",movie,1980,What is the famous line spoken by Darth Vader to Luke Skywalker in the movie Star Wars: Episode V - The Empire Strikes Back?
Here's Johnny!,The Shining,movie,1980,What is the famous line spoken by Jack Nicholson in the movie The Shining?
"It's not the years, honey. It's the mileage.",Raiders of the Lost Ark,movie,1981,"What is the determining factor of an object's wear and tear, according to a famous movie line about an old vehicle?"
The sun will come out tomorrow.,Annie,movie,1982,What do the optimistic characters in the musical Annie often say to reassure themselves about the future?
"If you don't eat your meat, you can't have any pudding! How can you have any pudding if you don't eat your meat?!",Pink Floyd: The Wall,movie,1982,What does the strict teacher say to the student who refuses to eat their meal?
"I've seen things you people wouldn't believe. Attack ships on fire off the shoulder of Orion. I watched C-beams glitter in the dark near the Tannhäuser Gate. All those moments will be lost in time, like tears in rain.",Blade Runner,movie,1982,What is the famous monologue spoken by Roy Batty in the movie Blade Runner?
I changed the conditions of the test. I don’t like to lose.,Star Trek II: The Wrath of Khan,movie,1982,What did the character say when they decided to alter the rules of the challenge?
Leaping lizards!,Annie,movie,1982,What is the phrase exclaimed by the cartoon character Little Lulu?
"Go ahead, make my day.",Sudden Impact,movie,1983,What is the famous phrase spoken by Harry Callahan in the 1971 film Dirty Harry?
Say hello to my little friend!,Scarface,movie,1983,What is the famous line spoken by Tony Montana in the movie Scarface?
It’s a trap!,Star Wars: Return of Jedi,movie,1983,What does Admiral Ackbar say when he realizes the Rebel Alliance's attack on the new Death Star is being drawn into a vulnerable position?
"I always tell tell the truth, even when i lie.",Scarface,movie,1983,"What is the phrase that Al Capone says in the movie Scarface, which also reflects his philosophy of speaking his mind?"
"I am a Jedi, like my father before me.",Star Wars Episode 6 : Return Of The Jedi,movie,1983,What does Luke say to establish his connection to the Jedi Order?
"From now on we are enemies, you and I.",Amadeus,movie,1984,What did the character say to declare hostility towards someone?
I'll be back.,The Terminator,movie,1984,What did the Terminator say to Sarah Connor before he left to fulfill his mission?
"Hasta la Vista, baby.",The Terminator,movie,1984,What is the famous catchphrase said by the Terminator in the movie Terminator 2: Judgment Day?
I can’t believe I just gave my panties to a geek.,Sixteen Candles,movie,1984,What is the quote from the movie about an embarrassing exchange?
Are you telling me that you built a time machine out of a DeLorean.,Back to the Future,movie,1985,What did Doc Brown say to Marty McFly about the time machine?
I feel the need for speed,Top Gun,movie,1986,What is the iconic phrase uttered by Maverick in the movie Top Gun?
I feel the need - the need for speed!.,Top Gun,movie,1986,What is the famous line spoken by Maverick in the movie Top Gun?
 I feel the need!!!! The need for speed!!!!,Top Gun,movie,1986,What is the famous phrase spoken by Maverick in the movie Top Gun?
"It's only forever, not long at all...",Labyrinth,movie,1986,What is the duration that the speaker describes as not being long at all?
"Life moves pretty fast. If you don’t stop and look around once in a while, you could miss it.",Ferris Bueller's Day Off,movie,1986,What did Ferris Bueller say about the pace of life and taking time to appreciate it?
"I'm a mog: half man, half dog. I'm my own best friend!",Spaceballs,movie,1987,What is the humorous way to describe oneself as a unique creature in the movie?
Snap out of it!,Moonstruck,movie,1987,What does Cher say to encourage someone who is acting strangely in the movie Moonstruck?
Come on... Come on! Do it! Do it! Come on. Come on! Kill me! I'm here! Kill me! I'm here! Kill me! Come on! Kill me! I'm here! Come on! Do it now! Kill me!,Predator,movie,1987,What are the desperate and provocative words spoken by the character in the movie as they taunt their opponent to attack them?
You idiots! These are not them! You've captured their stunt doubles!,Spaceballs,movie,1987,What might someone exclaim upon discovering that the people they captured are actually the stunt doubles of their intended targets?
"So, Lone Starr, now you see that evil will always triumph because good is dumb.",Spaceballs,movie,1987,What does the villain say to Lone Starr about the nature of evil and good?
And to think I've been telling my friends it's so cool living with an artist. You never once asked to paint me nude!,*batteries not included,movie,1987,What might someone say if they felt their life with an artist was uninteresting or unconventional?
Nobody puts Baby in a corner.,Dirty Dancing,movie,1987,What does Johnny say to the people who are trying to embarrass Baby at the dance?
Here endeth the lesson.,The Untouchables,movie,1987,What is often stated at the conclusion of a lesson or sermon in a traditional or formal setting?
Death cannot stop true love,The Princess Bride,movie,1987,What is often said about the power of true love in the face of mortality?
As you wish...,The Princess Bride,movie,1987,What is the famous phrase spoken by Westley in the movie The Princess Bride?
Hello. My name is Inigo Montoya. You killed my father. Prepare to die.,The Princess Bride,movie,1987,What are the famous words of introduction and vengeance spoken by Inigo Montoya in the movie The Princess Bride?
Inconcievable!,The Princess Bride,movie,1987,What is the word that Vizzini repeatedly exclaims during his intense conversations in the movie The Princess Bride?
"Greed, for lack of a better word, is good",Wall Street,movie,1987,What is the infamous phrase spoken by Gordon Gekko in the 1987 film Wall Street?
"Yippie-ki-yay, motherf—er!",Die Hard,movie,1988,What is the iconic catchphrase famously exclaimed by Bruce Willis' character John McClane in the Die Hard movie series?
"Welcome to the party, pal!",Die Hard,movie,1988,What does John McClane say to the villain in the movie Die Hard?
"Like a midget at a urinal, I was going to have to stay on my toes.",The Naked Gun,movie,1988,What humorous comment might someone make about being at a disadvantage or having to work harder to succeed?
"Say it aint’ so, Joe. Say it ain’t so.",Eight Men Out,movie,1988,What is the famous line from the movie about Shoeless Joe Jackson?
I'm not bad. I'm just drawn that way.,Who Framed Roger Rabbit,movie,1988,What is Jessica Rabbit's response when someone calls her bad?
Strange things are afoot at The Circle K.,Bill and Ted's Most Excellent Adventure,movie,1989,What is the famous phrase spoken by Ted in the movie Bill and Ted's Excellent Adventure?
"You must strive to find your own voice because the longer you wait to begin, the less likely you are going to find it at all.",Dead Poets Society,movie,1989,What advice would you give to someone trying to discover their unique identity or purpose?
"When you realize you want to spend the rest of your life with somebody, you want the rest of your life to start as soon as possible.",When Harry Met Sally,movie,1989,What does a person typically want to happen when they realize they have found the one they want to spend their life with?
Have you ever danced with the devil in the pale moonlight?,Batman,movie,1989,What did the Joker ask in the 1989 film Batman?
I'll have what she's having.,When Harry Met Sally,movie,1989,What does the customer say to the waitress after witnessing a dramatic moment in the diner?
"If you build it, he will come.",Field of Dreams,movie,1989,What does the voice whisper to Ray Kinsella in the movie Field of Dreams?
Why don't you make like a tree and get out of here.,Back to the Future Part II,movie,1989,What is a humorous way to tell someone to leave?
"Carpe diem. Seize the day, boys. Make your lives extraordinary.",Dead Poets Society,movie,1989,"What is the Latin phrase that means to seize the moment and make the most of the present, as Mr. Keating advises his students?"
"Just when I thought I was out, they pull me back in.",The Godfather III,movie,1990,What does Michael Corleone say when he is reluctantly drawn back into the family business?
Never rat on your friends and always keep your mouth shut,Goodfellas,movie,1990,What is the main advice given in the code of conduct from the movie Donnie Brasco?
I love you. I really love you. Ditto.,Ghost,movie,1990,What are the iconic words exchanged between two characters in a romantic scene from the movie Ghost?
"I’m funny how?  Funny, like, I’m a clown?  I amuse you?",Goodfellas,movie,1990,How does Tommy Komeda think Henry Hill's friend is funny?
This valley is just one long smorgasbord.,Tremors,movie,1990,What does the character say to describe the valley's abundance of food?
"As far back as I can remember, I always wanted to be a gangster.",Goodfellas,movie,1990,What is the opening line of the movie Goodfellas?
Better dead and cool then alive and uncool.,Harley Davidson and The Marlboro Man,movie,1991,What is the motto of the character Ferris Bueller in the 1986 film Ferris Bueller's Day Off?
"You're a... you're a complex Freudian hallucination having something to do with my mother and I don't know why you have wings, but you have very lovely legs and you're a very nice tiny person and what am I saying? I don't know who my mother was. I'm an orphan and I've never taken drugs because I missed the sixties; I was an accountant.",Hook,movie,1991,What is a possible monologue from a character who is questioning their own identity and sanity in a surreal situation?
"Oh, and Senator, just one more thing. Love your suit.",The Silence of the Lambs,movie,1991,What does Columbo say to the Senator at the end of their conversation?
"Hook, you let those kids out of that net in less than one minute or you better get an attorney and hope to God he's better than me.",Hook,movie,1991,What does the character say to Hook about releasing the kids from the net?
"Hasta la vista, baby.",Terminator 2: Judgment Day,movie,1991,What is the famous catchphrase said by the Terminator in the movie Terminator 2: Judgment Day?
"And you'd better deliver, Miss Bell, or no amount of clapping will bring you back from where I will send you.",Hook,movie,1991,What does the strict instructor warn Miss Bell about her performance?
"Of course it's hard. It's supposed to be hard. If it wasn't hard, everyone would do it. The hard is what makes it great",A League of their Own,movie,1992,What is the essence of accomplishing something worthwhile?
There's no crying in baseball!,A League of Their Own,movie,1992,What did Jimmy Dugan say to Evelyn Gardner when she cried after being removed from a game in the movie A League of Their Own?
You can't handle the truth!,A Few Good Men,movie,1992,What does Jack Nicholson's character say to Tom Cruise's character in the movie A Few Good Men during the trial?
"Party on, Wayne! Party on, Garth!",Wayne's World,movie,1992,What is the iconic phrase exclaimed by Wayne and Garth in the movie Wayne's World?
"You shoot me in a dream, you better wake up and apologise.",Reservoir Dogs,movie,1992,What is a warning you might give to someone who has hurt you in a dream?
"You're killing me, smalls!",The Sandlot,movie,1993,What is the famous line spoken by Hamilton Porter in the movie The Sandlot?
"Life, uh, finds a way.",Jurassic Park,movie,1993,What does Dr. Ian Malcolm say about the ability of life to persist in the movie Jurassic Park?
Clever girl.,Jurassic Park,movie,1993,What does Dr. Alan Grant say to the Velociraptor in the movie Jurassic Park?
"What do you call them, Max? Yabbos? Max likes your yabbos. In fact, he loves them!",Hocus Pocus,movie,1993,"What are some humorous and informal terms used to refer to a woman's breasts, as referenced in a movie quote?"
You bred raptors?,Jurassic Park,movie,1993,What did Dr. Alan Grant ask John Hammond in a shocked tone after learning about the dinosaurs in Jurassic Park?
I'm your Huckleberry.,Tombstone,movie,1993,What did Doc Holliday say to Wyatt Earp in the movie Tombstone?
"You’re killin’ me, Smalls.",The Sandlot,movie,1993,What is the famous line spoken by Hamilton Porter in the movie Sandlot?
"When I got tired, I slept. When I got hungry, I ate. When I had to go, you know, I went.",Forrest Gump,movie,1994,What is the simple philosophy Forrest Gump lives by?
Some birds aren't meant to be caged. Their feathers are just too bright.,Shawshank Redemption,movie,1994,What does the character say about birds that are not meant to be caged?
"Yeah I called her up. She gave me a bunch of crap about me not listening to her, or something. I don't know, I wasn't really paying attention.",Dumb and Dumber,movie,1994,What did the speaker say about their conversation with the woman they called?
"Run, Forrest, run!",Forrest Gump,movie,1994,What is the famous line shouted to Forrest Gump as he begins to run in the movie?
"Lord, it's a miracle! Man up and vanished like a fart in the wind!",Shawshank Redemption,movie,1994,What is an example of a humorous way to describe something or someone disappearing suddenly and unexpectedly?
"The past can hurt. But the way I see it, you can either run from it or learn from it.",The Lion King,movie,1994,What is a possible perspective on dealing with painful memories?
"Oh yes, the past can hurt. But you can either run from it, or learn from it.",The Lion King,movie,1994,What are the two options when dealing with a painful past?
"Hope is a good thing, maybe the best of things, and no good thing ever dies.",The Shawshank Redemption,movie,1994,What is Red's philosophy about hope in the movie The Shawshank Redemption?
Everything the light touches is our kingdom.,The Lion King,movie,1994,What does Mufasa say to Simba about their kingdom's boundaries?
Life is like a box of chocolates; you never know what you're gonna get.,Forrest Gump,movie,1994,How did Forrest Gump describe life?
"These walls are funny. First you hate ’em. Then you get used to ’em. Enough time passes, you get so you depend on them. That’s institutionalized.",Shawshank Redemption,movie,1994,What is Red's monologue about the effects of long-term imprisonment in the movie The Shawshank Redemption?
"I mean, seriously, how often do you really look at a mans shoes?",Shawshank Redemption,movie,1994,What is a humorous way to point out that people often overlook certain aspects of someone's appearance?
"Hope is a good thing, maybe the best of things, and no good thing ever dies.",Shawshank Redemption,movie,1994,What is Red's view on hope in the movie The Shawshank Redemption?
"Everything you see exists together in a delicate balance. As king, you need to understand that balance and respect all the creatures, from the crawling ant to the leaping antelope.",The Lion King,movie,1994,What is the main idea that the future king needs to understand in order to rule wisely?
Mama says stupid is as stupid does.,Forrest Gump,movie,1994,What does Mama say about stupid people in the movie Forrest Gump?
"For you, the day Bison graced your village, was the most important day in your life. But for me, it was Tuesday.",Street Fighter,movie,1994,What did Bison say to the villager about the day he graced their village?
Salvation lies within.,Shawshank Redemption,movie,1994,Where does salvation lie?
Hakuna matata,The Lion King,movie,1994,What is the famous Swahili phrase that Timon and Pumbaa teach to Simba in the Disney movie The Lion King?
Don't ever let anybody tell you they’re better than you.,Forrest Gump,movie,1994,What advice would you give to someone who is being belittled or made to feel inferior by others?
Mama always said life was like a box of chocolates. You never know what you're gonna get.,Forrest Gump,movie,1994,What is a famous phrase that Forrest Gump's mother used to say about life?
"Is life always this hard, or is it just when you're a kid?",Léon,movie,1994,What poignant reflection might someone have about the challenges of growing up?
"They may take our lives, but they'll never take our freedom!",Breaveheart,movie,1995,What is the famous line spoken by William Wallace in the movie Braveheart?
"Houston, we have a problem.",Apollo 13,movie,1995,What was the famous phrase spoken by the Apollo 13 astronauts to report a life-threatening issue on board?
Hack the planet.,Hackers,movie,1995,What is the iconic phrase spoken by the character Acid Burn in the movie Hackers?
What's in the box?!,Seven,movie,1995,What does Brad Pitt's character repeatedly ask in the movie Se7en?
"They may take our lives, but they'll never take our freedom!",Braveheart,movie,1995,What is the famous line spoken by William Wallace in the movie Braveheart?
" I used to think that if none of your family or friends knew you were dead, it was like not really being dead. People can invent the best and the worst for you.",Before Sunrise,movie,1995,What is a philosophical perspective on the concept of death and how people perceive it when no one is aware of it?
The greatest trick the devil ever pulled was convincing the world he didn't exist.,The Usual Suspects,movie,1995,What is often referenced as the greatest trick the devil ever pulled?
Bye Felicia!,Friday,movie,1995,What is the phrase popularized by the movie Friday to dismiss someone you don't want to talk to?
Every man dies; not every man really lives.,Braveheart,movie,1995,What phrase is often used to encourage people to make the most of their lives and live life to the fullest?
This isn't flying. This is falling with style!,Toy Story,movie,1995,What did Buzz Lightyear say about his space travels?
To infinity and beyond!,Toy Story,movie,1995,What is Buzz Lightyear's famous catchphrase in the Toy Story movies?
"That'll do, pig. That'll do.",Babe,movie,1995,What does Farmer Hoggett say to Babe in the movie?
Get on the scale! Get off the scale!,Heavyweights,movie,1995,What are the two commands given by a drill instructor to an overweight recruit during a medical or physical examination?
"Every man dies, but not every man really lives.",Braveheart,movie,1995,What is the famous saying that reflects on the human experience of living and dying?
You can trouble me for a warm glass of SHUT THE HELL UP!! Now you will go to sleep or I will put you to sleep.,Happy Gilmore,movie,1996,What are the exact words a character says when they are at their wit's end with someone who won't be quiet and is considering using force to make them sleep?
Show me the money!,Jerry Maguire,movie,1996,What is the iconic line spoken by Rod Tidwell in the movie Jerry Maguire?
You had me at hello.,Jerry Maguire,movie,1996,What is the famous line spoken by Renée Zellweger's character to Tom Cruise's character in the movie Jerry Maguire?
"You little son of a bitch ball! Why you don't you just go HOME? That's your HOME! Are you too good for your HOME? ANSWER ME! SUCK MY WHITE ASS, BALL!",Happy Gilmore,movie,1996,What is the quote from the movie where a character is angrily yelling at a ball?
Some people can’t believe in themselves until someone else believes in them first.,Good Will Hunting,movie,1997,What is often a necessary condition for people to have faith in themselves?
Ain't no rules says a dog can't play basketball.,Air Bud,movie,1997,What is the statement made about a dog's ability to play basketball in the movie Air Bud?
Does anything more dangerous than that lurk just beneath the surface?,Titanic,movie,1997,What could potentially threaten from an unseen position?
You make me want to be a better man.,As Good as It Gets,movie,1997,What does Jack Dawson say to Rose DeWitt Bukater to express the positive impact she has on him in the movie Titanic?
I'm king of the world!,Titanic,movie,1997,What did Jack Dawson exclaim at the bow of the ship in the movie Titanic?
Draw me like one of your French girls,Titanic,movie,1997,What is the famous line spoken by Rose to Jack in the movie Titanic?
Tonight's forecast: a freeze is coming!,Batman & Robin,movie,1997,What does the weather report predict for tonight in the movie?
"People live their lives bound by what they accept as correct and true. That's how they define ""reality"". But what does it mean to be ""correct"" or ""true""? Merely vague concepts... Their ""reality"" may all be a mirage. Can we consider them to simply be living in their own world, shaped by their beliefs?",Naruto,anime,1997,What is the nature of reality and how do people perceive it based on their beliefs and understanding of what is correct and true?
My Mama says that alligators are ornery because they got all them teeth and no toothbrush.,The Waterboy,movie,1998,What does Forrest Gump's Mama say about alligators?
"What I need is a real, live ghost. That's an oxymoron, Daph.",Scooby-Doo on Zombie Island,movie,1998,What did the character say about needing a ghost?
"You can feel the chill in the air, cut, who opened a window?",Scooby-Doo on Zombie Island,movie,1998,What does the film director say when the actors complain about the cold temperature on set?
A census taker once tried to test me. I ate his liver with some fava beans and a nice Chianti.,The Silence of the lambs,movie,1998,What did Hannibal Lecter say to Clarice Starling about a census taker?
"No matter how the wind howls, the mountain cannot bow to it.",Mulan,movie,1998,What proverbial expression describes the idea of remaining unwavering in the face of adversity?
"I’m the Dude, so that’s what you call me. That or, uh His Dudeness, or uh Duder, or El Duderino, if you’re not into the whole brevity thing.",The Big Lebowski,movie,1998,How does the main character from the movie introduce himself?
Zoinks! How humiliating! Chased into a hole by 1/3 of a B.L.T.!,Scooby-Doo on Zombie Island,movie,1998,What did Shaggy say after being chased by a small part of a sandwich?
Make the money. Don’t let it make you.,The Player's Club,movie,1998,What advice would a wise and experienced person give to someone about the importance of managing their financial success?
"Wipe your upper lip, romeo.",Scooby-Doo on Zombie Island,movie,1998,What does Juliet's Nurse say to Romeo after he kisses Juliet?
"Put the weed in the bag first, then get money.",Belly,movie,1998,"What is the proper procedure for a drug deal, according to a seasoned individual?"
A single grain of rice can tip the scale. One man may be the difference between victory and defeat.,Mulan,movie,1998,What phrase emphasizes the significant impact a small element or individual can have on the outcome of a situation?
You're taking all the caviar? That caviar is a garnish!,You've Got Mail,movie,1998,What might someone say if another person is taking all the caviar that was intended to be used as a garnish?
The flower that blooms in adversity is the most rare and beautiful of all.,Mulan,movie,1998,What phrase did Emperor Kuzco say to describe something that thrives despite difficulties?
"Like... we're not looking for any ghoul-friends, are we, Scooby?",Scooby-Doo on Zombie Island,movie,1998,What did Shaggy say to Scooby about looking for friends?
I'm having an old friend for dinner.,The Silence of the lambs,movie,1998,What did Hannibal Lecter say he was doing in the movie 'The Silence of the Lambs'?
"I live in Notting Hill. You live in Beverly Hills. Everyone in the world knows who you are, my mother has trouble remembering my name.",Notting Hill,movie,1999,What is the humorous way a character from the movie Notting Hill describes the difference in their and a celebrity's lifestyle?
"I'm also just a girl, standing in front of a boy, asking him to love her.",Notting Hill,movie,1999,What does Julia Roberts' character say to Hugh Grant's character in the movie Notting Hill?
Time is always against us.,The Matrix,movie,1999,What is the persistent challenge we face in life?
"The things you used to own, now they own you.",Fight Club,movie,1999,What can be said about material possessions that have become burdensome?
Don't touch my nakama(friend) anymore! ,One Piece,anime,1999,What would you say to someone who is threatening or harming your friend?
It’s only after we’ve lost everything that we’re free to do anything.,Fight Club,movie,1999,What is the philosophy that suggests true freedom is achieved after all is lost?
Don’t let anyone ever make you feel like you don’t deserve what you want.,10 Things I Hate About You,movie,1999,What advice would you give to someone who is doubting their own self-worth and deserves to achieve their goals?
"Unfortunately, no one can be told what the Matrix is. You have to see it for yourself.",The Matrix,movie,1999,What does Morpheus say about understanding the Matrix?
Ignorance Is Bliss,The Matrix,movie,1999,What phrase is often used to convey that a lack of knowledge can be beneficial?
I see dead people.,The Sixth Sense,movie,1999,What is the iconic line spoken by Cole Sear in the movie The Sixth Sense?
The first rule of Fight Club is: You do not talk about Fight Club.,Fight Club,movie,1999,What is the first rule of Fight Club?
There is a difference between knowing the path and walking the path.,The Matrix,movie,1999,What is the key distinction highlighted in the context of personal growth and self-awareness?
It's only after we've lost everything that we're free to do anything.,Fight Club,movie,1999,What is the quote from the movie Fight Club that discusses the concept of freedom after losing everything?
 I was the warm little center that the life of this world crowded around.,Fight Club,movie,1999,What does the narrator describe themselves as in relation to the life of their world?
Fear. Fear attracts the fearful… the strong… the weak… the innocent… the corrupt. Fear. Fear is my ally.,Star Wars: Episode I – The Phantom Menace,movie,1999,What does Darth Vader say about fear in the Star Wars franchise?
By Grabthar's hammer...what a savings.,Galaxy Quest,movie,1999,"What is the phrase spoken by Phil Connors in the parody of a famous movie line, referencing a character from another film?"
Stop trying to control everything and just let go! LET GO!,Fight Club,movie,1999,What advice would you give to someone who is overly concerned with controlling every aspect of their life?
Miracles only happen to those who never give up,One Piece,anime,1999,What is a fundamental principle for achieving miracles?
You met me at a very strange time in my life,Fight Club,movie,1999,What did the character say when describing the timing of their encounter?
I know kung fu.,The Matrix,movie,1999,What unusual skill does Neo claim to possess after being uploaded with a martial arts program in the movie The Matrix?
People hurt the ones they love. That's how it is all around the world,The Green Mile,movie,1999,"What is a common, unfortunate truth about human relationships?"
We need guns. Lots of guns.,Matrix,movie,1999,What does the character say is needed in preparation for an intense battle or conflict?
Damn! We're in a tight spot!,"O Brother, Where Art Thou?",movie,2000,What do you say when you're facing a difficult or challenging situation?
Are you not entertained?,Gladiator,movie,2000,What did the gladiator Maximus Decimus Meridius say to the crowd in the Roman Colosseum in the movie Gladiator?
They called me Mr. Glass.,Unbreakable,movie,2000,What did they call the main character in the movie Unbreakable?
"I have nipples, Greg. Could you milk me?",Meet the Parents,movie,2000,What is the bizarre request made by a character in the movie Anchorman?
"I hope he didn’t die. Unless he left a note naming me his successor, then I hope he did die.",Futurama,tv,2000,What is an example of a humorous and morbid remark about someone's death?
There are No Accidents. No Coincidences. No Escapes. YOU CAN'T CHEAT DEATH.,Final Destination,tv,2000,What is the tagline of the movie Final Destination?
"Dude, where's my car?","Dude, Where's My Car?",movie,2000,What is the title of the 2000 American stoner comedy film starring Ashton Kutcher and Seann William Scott?
Do you know what happens to a toad when it's struck by lightning? The same thing that happens to everything else.,X-men,movie,2000,"What happens to everything when it's struck by lightning, using the example of a toad?"
Your eyes are like two big blue eyes.,Flintstones in Viva Rock Vegas,movie,2000,What is a poetic way to describe someone's eyes?
The key to a woman's heart is an unexpected gift at an unexpected time.,Finding Forrester,movie,2000,What strategy can be particularly effective in winning a woman's affection?
"I'll take poor assumptions for $800, Alex.",Finding Forrester,movie,2000,"What is a humorous way to express that someone has made a incorrect assumption, in the style of a game show host?"
Wilsoooooon.,Cast Away,movie,2000,What is the famous phrase Tom Hanks' character screams out in the movie Cast Away when he finds his volleyball companion?
"Wilma, whatever you decide to do, I want you to know something. Your daddy will always love you.",Flintstones in Viva Rock Vegas,movie,2000,What would a loving father say to his daughter Wilma to reassure her of his unconditional love?
Oh Fred. That's so sweet.,Flintstones in Viva Rock Vegas,movie,2000,What might someone say to express affectionate appreciation to Fred?
"If you utter so much as one syllable, I'LL HUNT YOU DOWN AND GUT YOU LIKE A FISH! If you'd like to fax me, press the star key.",The Grinch,movie,2000,What does the character threaten to do if the person makes a sound?
"My name is Maximus Decimus Meridius, commander of the Armies of the North, General of the Felix Legions and loyal servant to the true emperor, Marcus Aurelius. Father to a murdered son, husband to a murdered wife. And I will have my vengeance, in this life or the next.",Gladiator,movie,2000,What is the introduction speech of the main character in the movie Gladiator?
"No thinking -- that comes later. You must write your first draft with your heart. You rewrite with your head. The first key to writing is... to write, not to think!",Finding Forrester,movie,2000,What is the advised approach to writing a first draft?
We could not talk or talk forever and still find things to not talk about.,Best in Show,movie,2000,What is a poignant remark about the infinite possibilities of conversation in a relationship?
Snnnnnooooooooooow!!!!!!!!!,Snow Day,movie,2000,What is the famous excited exclamation from the movie Frozen?
I have nipples Greg. Could you milk me?,Meet the Parents,movie,2000,"What is the humorous and ironic line spoken by a character in the movie Anchorman, referencing their ability to produce milk?"
I've gotta get out of this place. Someday I'm getting on that train.,Spirited Away,movie,2001,What are the desperate words of someone feeling trapped and yearning for escape?
Yeah. We graduated high school. How totally amazing.,Ghost World,movie,2001,What is a sarcastic comment about graduating from high school?
One can never have enough socks.,Harry Potter and the Philosopher's Stone,movie,2001,What is a humorous comment about having a sufficient amount of clothing items?
"Just what do you think you're doing, Dave?",A Space Odyssey,movie,2001,What did HAL 9000 say to David Bowman in the movie 2001: A Space Odyssey?
"You're a wizard, Harry.",Harry Potter and the Sorcerer's Stone,movie,2001,What does Rubeus Hagrid say to Harry Potter when he first informs him of his true identity?
"What you NEED to do is get me my chips!!! With dip!!! Cuz you're delinquent, motherfucker!",The Wash,movie,2001,What does the character angrily demand from someone they're insulting?
You shall not pass!,The Lord of the Rings: The Fellowship of the Ring,movie,2001,What does Gandalf say to the Balrog in the mines of Moria?
Ask any racer. Any real racer. It don't matter if you win by an inch or a mile. Winning's winning.,The Fast and The Furious,movie,2001,What is the mindset of a real racer when it comes to winning?
Even the smallest person can change the course of the future.,The Lord of the Rings: The Fellowship of the Ring,movie,2001,What message did Galadriel convey to Frodo in J.R.R. Tolkien's The Lord of the Rings?
"So be prepared, be enthusiastic, and leave your bullshit attitude and baggage at the door because we don't need it!",Wet Hot American Summer,movie,2001,What advice would you give to someone about to start a challenging project or experience?
I live my life a quarter mile at a time.,The Fast and the Furious,movie,2001,What is the iconic phrase spoken by Dominic Toretto in the Fast and Furious franchise to describe his approach to life?
They say that dreams are only real as long as they last. Couldn't you say the same thing about life?,Waking Life,movie,2001,What philosophical perspective can be applied to both the nature of dreams and the nature of life?
All we have to decide what to do with the time that is given to us.,Lord Of The Ring - The Fellowships Of The Ring,movie,2001,What is a profound reflection on the importance of making the most of the time we have?
Exercise gives you endorphins. Endorphins make you happy. Happy people just don't shoot their husbands. They just don't.,Legally Blonde,movie,2001,What is the quote from the movie Elle Woods uses to explain why exercise is beneficial?
What is this? A center for ants?,Zoolander,movie,2001,What did Zurg say when he saw the toy metropolis in Toy Story?
All we have to decide is what to do with the time that is given us.,The Lord of the Rings: The Fellowship of the Ring,movie,2001,What profound advice does Gandalf offer in J.R.R. Tolkien's story about making choices in life?
"Of the days that I have lived, only those I spent with you seemed real.",Cowboy Bebop: The Movie,movie,2001,What did the character say about the days lived with a special person?
Ogres are like onions.,Shrek,movie,2001,What are ogres similar to?
"Once you meet someone, you never really forget them. It just takes a while for your memory to come back to you",Spirited Away,movie,2001,What happens when you meet someone and your memory of them is triggered after a period of time?
I don't know half of you half as well as I should like; and I like less than half of you half as well as you deserve.,The Lord of the Rings: The Fellowship of the Ring,movie,2001,What did Bilbo Baggins say to the dwarves in J.R.R. Tolkien's 'The Hobbit' about his level of familiarity with them?
The greatest thing you’ll ever learn is just to love and be loved in return.,Moulin Rouge,movie,2001,"What is the greatest thing one can learn in life, according to a profound romantic perspective?"
It's only in the mysterious equation of love that any logical reasons can be found.,A Beautiful Mind,movie,2001,Where can logical reasons for love be found?
"One Ring to rule them all, One Ring to find them, One Ring to bring them all and in the darkness bind them.",The Lord of The Rings: The Fellowship of the Ring,movie,2001,What is the inscription on the One Ring from J.R.R. Tolkien's Middle-earth legendarium?
Even the smallest person can change the course of history.,The Lord of the Rings: The Fellowship of the Ring,movie,2001,What profound statement about individual impact did Galadriel express in the Lord of the Rings?
"It’s a dangerous business, going out your door…You step into the Road, and if you don’t keep your feet, there is no knowing where you might be swept off to.",The Lord of the Rings: The Fellowship of the Ring,movie,2001,What is a famous quote from the opening of J.R.R. Tolkien's book The Hobbit?
"No, I like you very much, just as you are.",Bridget Jone's Diary,movie,2001,"What do you say to someone you have grown fond of, to make them feel valued and accepted?"
"Welcome the rich man, he's hard for you to miss. His butt keeps getting bigger, so there's plenty there to kiss!",Spirited Away,movie,2001,What is a humorous and satirical quote about a wealthy individual?
Do you like dags?,The Snatch,movie,2001,What is the quote from the Australian movie 'Muriel's Wedding'?
"There’s some good in this world, and it’s worth fighting for.",The Lord of the Rings: The Two Towers,movie,2002,What famous phrase from The Lord of the Rings reflects the idea of preserving goodness in the face of adversity?
I'm tired of people who judge me without knowing my history.,8 miles,movie,2002,What might someone say when they feel misunderstood or stereotyped by others?
"I don't like sand. It's all coarse, and rough, and irritating. And it gets everywhere.",The Lord of the Rings: The Two Towers,movie,2002,What are Anakin Skywalker's complaints about sand in the movie Attack of the Clones?
"Your time will come. You will face the same Evil, and you will defeat it.",The Lord of the Rings: The Fellowship of the Ring,movie,2002,What prophecy is often given to someone who will eventually have to face and overcome a great challenge or evil?
The battle of Helm's Deep is over; the battle for Middle Earth is about to begin. ,The Lord of the Rings: The Two Towers,movie,2002,What does the character say after the victory at Helm's Deep in the Lord of the Rings?
It is not our abilities that show what we truly are… it is our choices.,Harry Potter and the Chamber of Secrets,movie,2002,What does Albus Dumbledore say defines a person's true nature?
With great power comes great responsibility.,Spider Man,movie,2002,What is the core principle that Uncle Ben teaches to Peter Parker in the Spider-Man series?
"Dadinho é o caralho, meu nome é Zé Pequeno porra!",Cidade de Deus,movie,2002,What is the famous line spoken by Zé Pequeno in the movie?
There is always hope.,The Lord of the Rings: The Two Towers,movie,2002,What feeling should one hold onto even in difficult times?
"You know, I'm something of a scientist myself.",Spiderman,movie,2002,What might someone with a background in research and experimentation say to describe themselves?
My precious,The Lord of the Rings: The Two Towers,movie,2002,What is the iconic phrase uttered by Gollum in J.R.R. Tolkien's 'The Lord of the Rings'?
"Li'l dice my ass, my name is now Li'l Zé now",City of God,movie,2002,What does the character say when introducing himself with a new name?
"But in the end it’s only a passing thing, this shadow, even darkness must pass.",The Lord of the Rings: The Two Towers,movie,2002,"What does Gandalf say will pass, including darkness, in J.R.R. Tolkien's story?"
My precious...,The Lord of the Rings: The Two Towers,movie,2002,What is the obsessive phrase repeated by Gollum in J.R.R. Tolkien's 'The Lord of the Rings'?
Dark have been my dreams of late.,The Lord of the Rings: The Two Towers,movie,2002,What do you say when describing your recent dreams?
"It takes a great deal of bravery to stand up to our enemies, but just as much to stand up to our friends.",Harry Potter and the Chamber of Secrets,movie,2002,What does Albus Dumbledore say about the nature of bravery in the face of opposition?
Even the smallest person can change the course of the future.,The Lord of the Rings: The Fellowship of the Ring,movie,2002,What did Galadriel say to Frodo about the impact one person can have?
"Ye best start believin' in ghost stories, Miss Turner. Yer in one.",Pirates of the Carribean,movie,2003,What does Captain Barbossa say to Elizabeth Turner in the movie Pirates of the Caribbean?
This is the day you will always remember as the day you almost caught Captain Jack Sparrow,Pirates of the Caribbean: The Curse of the Black Pearl,movie,2003,What did Captain Jack Sparrow say to his enemies after outsmarting them?
You sit on a throne of lies.,Elf,movie,2003,What does Ron Burgundy say to describe a person with questionable integrity in the movie Anchorman?
"To me, you are perfect.",Love Actually,movie,2003,What did Mark say to his love interest in the movie Love Actually?
I will not say: do not weep; for not all tears are an evil.,The Lord of the Rings: Return of the King,movie,2003,What words of comfort and understanding can be offered to someone who is crying?
"I want to change things. I want to believe that anything can be changed. The moment I met you, a new world opened up for me. You see, after wandering in the darkness for so long, a light brought me happiness. It’s all thanks to you.",Chrono Crusade,anime,2003,What would someone say to express their desire for change and the positive impact someone has had on their life?
The thing about romance is people only get together right at the very end.,Love Actually,movie,2003,What is a common trope or convention observed in the portrayal of romance in stories?
Why are you trying so hard to fit in when you were born to stand out?,What A Girl Wants,movie,2003,What inspirational advice would you give to someone who feels pressured to conform to societal norms?
We're goin' streaking!,Old School,movie,2003,What is the iconic phrase shouted by Will Ferrell's character in the movie Old School?
" You're my boy, Blue!",Old School,movie,2003,What is the famous line spoken by Lloyd Christmas in the movie Dumb and Dumber?
"That there’s some good in this world, Mr. Frodo… and it’s worth fighting for.",The Lord of the Rings: The Two Towers,movie,2003,What does Samwise Gamgee say to Frodo about the state of their world?
Just keep swimming.,Finding Nemo,movie,2003,What advice does Dory give in the movie Finding Nemo?
The problem is not the problem. The problem is your attitude about the problem. Do you understand?,Pirates of the Carribean,movie,2003,What is the root of the problem according to this philosophical perspective?
Not all treasure is silver and gold mate,Pirates of the Carribean,movie,2003,What did Captain Jack Sparrow say to convey that treasure can be more than just material wealth?
The ones that love us never really leave us.,Harry Potter and the Prisoner of Azkaban,movie,2004,What truth about loved ones is often comfortingly recalled by those who are grieving?
"Boo, you whore!",Mean Girls,movie,2004,What is the infamous line spoken by the character in the movie?
I want to play a game.,Saw,movie,2004,What does Jigsaw say to his victims at the beginning of the popular horror movie series?
Stop trying to make 'fetch' happen. It's not going to happen.,Mean Girls,movie,2004,What does Regina George say to Gretchen Wieners about the word 'fetch' in the movie Mean Girls?
It's like I have ESPN or something.,Mean Girls,movie,2004,What phrase does Miranda Priestly say to Andy Sachs when Andy quickly picks up the details of her new job?
We should totally just stab Caesar!,Mean Girls,movie,2004,What does Brutus say to the other conspirators about what they should do to Caesar?
Whatever. I'm getting cheese fries.,Mean Girls,movie,2004,What did the person say when they decided to order food?
That is so fetch!,Mean Girls,movie,2004,"What phrase, popularized by the movie Mean Girls, is often used to describe something as cool or desirable?"
You gonna eat your tots?,Napoleon Dynamite,movie,2004,What does the character say to encourage someone to eat their tater tots?
"You gotta hear this one song. It'll change your life, I swear.",Garden State,movie,2004,What does the character say to convince someone to listen to a particular song?
A day may come when the courage of men fails… but it is not THIS day.,The Lord of the Rings: Return of the King,movie,2004,What is the famous line spoken by Aragorn in the Lord of the Rings when he rallies his troops?
That's why her hair is so big.  It's full of secrets.,Mean Girls,movie,2004,Why is her hair so big?
You've got red on you,Shaun of the Dead,movie,2004,What is the famous line spoken by Ed in the movie Shaun of the Dead?
Nobody makes me bleed my own blood. Nobody!,Dodgeball: A True Underdog Story,movie,2004,What does the character say when expressing that they refuse to be intimidated or harmed by someone else?
I am gonna kill Bill.,Kill Bill,movie,2004,What is the main objective Beatrix 'Black Mamba' Kiddo has in the movie Kill Bill?
Is butter a carb?,Mean Girls,movie,2004,What is the response to someone inquiring about the nutritional classification of butter?
I solemnly swear that I am up to no good.,Harry Potter and the Prisoner of Azkaban,movie,2004,What is the phrase often used by Fred Weasley and George Weasley in the Harry Potter series?
I'm not drinking any f****** Merlot!,Sideways,movie,2004,What does Miles say when his friend Jack suggests they drink Merlot in the movie Sideways?
Your identity is your most valuable possession. Protect it.,The Incredibles,movie,2004,What is the most important thing to protect according to the movie?
Nunchuck skills… bowhunting skills… computer hacking skills… Girls only want boyfriends who have great skills!,Napoleon Dynamite,movie,2004,What skills does the character claim girls look for in a boyfriend?
"No, I shot him. Bullets and the fall killed him.",Collateral,movie,2004,What was the cause of the person's death in the story?
"They’ve done studies, you know. 60% of the time, it works every time.",Anchorman,movie,2004,What is the satirical claim made about the effectiveness of a certain strategy?
I wish I could bake a cake filled with rainbows and smiles and everyone would eat and be happy.,Mean Girls,movie,2004,What is a whimsical expression of a desire to create something that brings universal joy?
"Four for you, Glen Coco! You go, Glen Coco!",Mean Girls,movie,2004,What is the iconic line spoken by Damian Leigh in the movie Mean Girls?
There's a 30% chance that it's already raining.,Mean Girls,movie,2004,What are the estimated chances of precipitation?
She doesn't even go here!,Mean Girls,movie,2004,What does Damian Leigh say to the principal in the movie Mean Girls?
"You gotta hear this one song. It'll change your life, I swear.",Golden State,movie,2004,What did the character say to convince someone to listen to a particular song?
I love lamp.,Anchorman: The Legend of Ron Burgundy,movie,2004,What is the phrase spoken by Brick Tamland in the movie Anchorman?
"You have bewitched me, body and soul.",Pride and Prejudice,movie,2005,What does Mr. Darcy say to Elizabeth Bennet in the novel Pride and Prejudice?
"Life is a banquet, and most poor suckers are starving to death!",Auntie Mame,movie,2005,What is the philosophy that Mame Dennis expresses about life?
And a hero is a person who resigns to be forgotten as we forget the dead for revolution.,Gie,movie,2005,What defines a hero in the context of sacrifice and remembrance?
"If you want to know what a man’s like, take a good look at how he treats his inferiors, not his equals.",Harry Potter and the Goblet of Fire,movie,2005,What is a good way to determine a person's character?
Did you ever hear the tragedy of Darth Plagueis The Wise? I thought not. It's not a story the Jedi would tell you. It's a Sith legend.,Star Wars: Episode III – Revenge of the Sith,movie,2005,What does Chancellor Palpatine say to Anakin Skywalker about a Sith legend?
I am the Jewish James Bond!,Munich,movie,2005,"What does the character Zohan, played by Adam Sandler, call himself in the 2008 comedy film 'You Don't Mess with the Zohan'?"
Why do we fall? So we can learn to pick ourselves up.,Batman begins,movie,2005,"What is the purpose of falling, according to a philosophical perspective?"
"If you want to know what a man's like,take a good look at how he treats his inferiors.",Harry Potter and the Goblet of Fire,movie,2005,What insight into someone's character can be gained by observing their behavior towards those they consider to be of lower status?
You know how I know that you're gay?,The 40-Year-Old Virgin,movie,2005,What is the quote from the movie Anchorman that implies someone's sexual orientation?
Life is not the amount of breaths you take. It’s the moments that take your breath away.,Hitch,movie,2005,What is the quote that describes life in terms of memorable experiences rather than longevity?
I wish I knew how to quit you.,Brokeback Mountain,movie,2005,What is the famous line spoken by Jack Twist in the movie Brokeback Mountain?
I am the senate!,Star Wars: Episode III – Revenge of the Sith,movie,2005,What does Senator Palpatine say to the Jedi in the movie Star Wars: Episode III - Revenge of the Sith?
"It's not who I am underneath, but what I do that defines me",Batman Begins,movie,2005,What defines a person's character according to their actions?
Didn't I tell you about the football field in the bathroom cupboard?,"The Chronicles of Narnia: The Lion, the Witch and the Wardrobe",movie,2005,What is the unusual feature of the bathroom cupboard?
Why do we fall sir? So that we can learn to pick ourselves up.,Batman Begins,movie,2005,"What is the purpose of falling, sir?"
What's comin' will come and we'll meet it when it does.,Harry Potter and the Goblet of Fire,movie,2005,What philosophy does one adopt when dealing with the uncertainties of the future?
"Happiness is the most insidious prison of all, Evey.",V for Vendetta,movie,2005,What does V say to Evey in the movie V for Vendetta about the nature of happiness?
All's fair in Love and Basketball baby,Love and Basketball,movie,2005,"What is the phrase that combines the ideas of romance and sports, as expressed in a popular movie title?"
"Be it a stone or a grain of sand, in water they both sink.",OldBoy,movie,2005,"What happens to objects of different weights, like a stone or a grain of sand, when submerged in water?"
They don't know that we know they know we know.,Friends,tv,2005,What is the phrase that describes a situation where multiple parties are aware of each other's knowledge about a particular piece of information?
That's what she said.,The Office,tv,2005,What is a common phrase made famous by Michael Scott from the TV show The Office?
"I'm sorry father, for you there is only death. But our destiny is life!",The Fountain,movie,2006,What does a character say when accepting their fate and the contrasting destiny of their adversary?
"If you ain't first, you're last.",Taladega Nights,movie,2006,What philosophy does Ricky Bobby live by in the movie Talladega Nights?
"Walk that walk and go forward all the time. Don't just talk that talk, walk it and go forward. Also, the walk didn't have to be long strides; baby steps counted too. Go forward.",The Pursuit of Happyness,movie,2006,What advice would you give to someone who wants to make progress and take action towards their goals?
